SiteNum,Site,ELEV,LAT,LONG,Mean01,Mean02,Mean03,Mean04,Mean05,Mean06,Mean07,Mean08,Mean09,Mean10,Mean11,Mean12,Mean13
2,ABILENE MUNICIPAL AP           ABI,1790,32.42,99.68,43.5,48.6,56.4,64.6,72.8,79.8,83.5,82.6,75.5,66,53.7,45.4,64.4
5,ALBANY,1400,32.72,99.3,41.8,46.6,54.2,63,71.2,79.1,83,81.9,74.7,64.6,52.5,44,63.1
7,ALICE                          ALI,201,27.73,98.07,55.8,59.6,66.8,72.5,78.2,82.8,84.6,84.6,80.9,73.5,65,57.7,71.8
8,ALPINE,4530,30.37,103.67,46.2,50,55.7,62.3,70.1,75.9,76.2,74.5,70.2,62.8,53.4,47.2,62
11,ALVIN,28,29.37,95.23,52.7,55.9,62.5,68.5,75.5,80.7,82.7,82.7,78.7,70.6,62.2,54.9,69
12,AMARILLO INTL AP               AMA,3586,35.22,101.7,35.8,40.6,47.9,56.2,65.2,74.3,78.2,76.3,69.1,58.2,45.1,37,57
13,AMISTAD DAM,1157,29.47,101.03,50.3,55.1,63,70.4,77.4,82.7,85,84.7,79.6,70.1,59.5,51.4,69.1
14,ANAHUAC,24,29.78,94.67,51.5,54.8,61.7,67.8,75.2,81,83.2,82.8,78.8,70,61,53.7,68.5
16,ANDREWS,3172,32.35,102.55,44.3,49.7,56.8,64.7,73.1,79.7,81.4,80,74.2,65.2,53.2,45.8,64
17,ANGLETON 2 W,27,29.15,95.45,53.3,56.4,62.9,68.6,75.6,80.9,83,82.8,79,70.8,62.2,55.2,69.2
19,ANSON,1710,32.77,99.9,43.1,48.4,56.2,64.7,73.3,80.3,84.1,83,75.9,65.9,53.6,45,64.5
21,ARANSAS WILDLIFE REF,15,28.32,96.8,53.3,56.5,63.3,70.1,76.9,82.2,83.8,83.7,80.3,73,63.3,55.9,70.2
22,ARCHER CITY,1045,33.58,98.63,40.3,45.4,53.3,62.2,70.9,79.3,84,83,75.1,64.8,52.1,42.9,62.8
24,ASPERMONT,1670,33.15,100.23,40.8,45.8,53.9,62.4,71.7,79.8,83.7,82.1,74.2,64,50.9,42.5,62.7
25,ATHENS,448,32.17,95.83,46,50.6,57.6,64.9,72.6,79.5,83.1,82.8,77,66.9,55.8,48,65.4
27,AUSTIN CITY (CAMP MABRY)       ATT,621,30.3,97.7,50.2,54.6,61.7,68.3,75.1,81,84.2,84.5,79.5,70.6,59.7,52.1,68.5
28,AUSTIN-BERGSTROM INTL AP       AUS,590,30.18,97.68,51.1,55.5,62.6,68.9,75.6,81.5,84.6,84.5,79.5,70.8,60.5,52.9,69
30,BAKERSFIELD,2540,30.88,102.3,45.6,50.5,57.7,66.1,74.2,80.5,82.9,81.9,75.7,66.1,54.6,47,65.2
31,BALLINGER 2 NW,1755,31.73,99.98,43.1,48.7,56.2,65.3,72.9,79.3,82.2,81.3,75,65.2,53.5,44.6,63.9
32,BALMORHEA,3220,30.98,103.73,44.9,49.3,56,63.5,71.9,79.1,80.6,78.7,72.6,63.7,53,45.4,63.2
34,BARDWELL DAM,461,32.27,96.63,43.7,48.9,56.6,64.3,72.5,79.9,83.9,83.5,77.1,66.8,55.1,46.5,64.9
36,BAY CITY WATERWORKS,52,28.98,95.98,55.7,59,65.4,70.2,76.9,81.6,83.8,83.7,80.1,72.6,64.6,57.4,70.9
37,BAYTOWN,34,29.83,95,51.6,55.3,62.2,68.4,75.3,81.1,83.6,83.3,78.8,70.2,61.1,53.9,68.7
39,BEAUMONT RESEARCH CTR,27,30.07,94.28,51.1,54.5,61.5,67.8,75.4,81,83.1,82.7,78.3,69.5,60.6,53.5,68.3
41,BEEVILLE 5 NE,255,28.45,97.7,53.8,57.4,64.6,70.3,76.8,81.6,83.9,83.7,79.9,72,63,55.7,70.2
43,BELTON DAM,664,31.1,97.48,45.8,50.3,58.3,65.5,72.8,79.3,82.9,82.8,77.1,67.4,56.6,48.4,65.6
44,BENAVIDES 2,380,27.6,98.42,55.5,59,66.2,72.6,78.7,83.3,85.3,84.9,80.5,72.9,63.8,56.8,71.6
45,BENBROOK DAM,790,32.65,97.45,43.3,48.4,56.2,64.1,72.4,80.1,84.5,84,77,66.8,55,46.2,64.8
48,BIG LAKE 2,2690,31.2,101.48,42.8,47.7,55.8,63.8,72.2,78.3,80.7,79.5,73.3,63.7,52.4,44.2,62.9
49,BIG SPRING                     HCA,2500,32.23,101.45,42.7,47.7,55.5,63.9,72.6,79.3,82.7,81.5,74.7,65.2,52.9,44.7,63.6
51,BLANCO,1370,30.1,98.42,46.6,50.7,58.1,64.7,72.4,78.6,81.9,81.7,76.3,66.9,56.3,48.5,65.2
53,BOERNE,1444,29.8,98.73,47.2,51.3,58.6,64.9,72.1,77.9,80.6,80.6,76,66.9,56.6,49,65.1
55,BONHAM 3 NNE,600,33.63,96.17,40.6,45.5,53.3,61,69.6,77.6,82.1,81.6,74.3,63.7,51.6,43.2,62
57,BOQUILLAS RANGER STN,1880,29.18,102.97,48.5,54.2,62.3,70.4,80,86.2,86.8,84.9,80.1,70.1,58.3,49.7,69.3
58,BORGER,3140,35.65,101.45,36.4,41.5,49,57.6,66.4,75.3,79.5,77.8,70.8,60.2,46.7,37.9,58.3
59,BOWIE,1080,33.55,97.85,40.2,45.4,53.2,61.8,69.9,78.2,82.8,82.2,74.5,64.1,51.5,42.9,62.2
62,BOYS RANCH,3191,35.53,102.25,35.9,40.8,48.6,56.6,65.6,75.1,78.8,76.6,69.2,57.8,44.7,36.8,57.2
63,BRACKETTVILLE,1118,29.32,100.42,50.6,54.9,62.7,69.5,76.3,81.4,83.8,83.9,79.2,70.5,59.8,52,68.7
65,BRADY,1720,31.12,99.33,45.7,50.2,57.7,65,72.5,78.7,82.1,81.4,75.5,66.2,55.3,47.5,64.8
66,BRAVO,4160,35.62,103,34.8,39.3,46.3,54.3,63.1,72.2,76.4,75,67.2,56.8,44.2,35.7,55.4
68,BRECKENRIDGE,1170,32.75,98.9,43.4,48.2,56.7,64.6,72.9,80.4,84.5,83.4,76.2,66.1,53.8,45,64.6
70,BRENHAM,313,30.17,96.4,50.6,54.6,61.6,68.5,75.9,82,85,84.9,79.6,70.5,60.1,52.6,68.8
71,BRIDGEPORT,745,33.2,97.77,43.3,48.4,57,64.4,72.4,79.3,84.1,83,75.9,65.6,54.2,45.4,64.4
73,BROWNFIELD 2,3300,33.18,102.27,40.1,44.8,51.8,60,69.2,76.9,79.6,77.9,71.4,61.6,49.5,41.7,60.4
74,BROWNSVILLE AP                 BRO,19,25.9,97.43,59.6,62.7,68.8,73.8,79.3,82.7,83.9,84,81,75,67.7,61.1,73.3
75,BROWNWOOD,1385,31.68,98.97,43.4,48.5,56.3,64.3,72.3,79.1,82.9,82.3,75.9,65.9,54.3,46.2,64.3
80,BURLESON,730,32.55,97.32,43.7,49,56.5,64.6,72.6,80.1,84.3,84.3,77.7,67.1,55.2,46.4,65.1
81,BURNET,1275,30.75,98.23,45.9,50.4,58,65.1,72.5,78.7,82.2,81.9,76.4,66.6,56,48,65.1
84,CAMERON,364,30.85,96.97,50.6,55,62.3,68.7,75.5,81.3,84.6,84.5,79.2,70.3,60.1,52.4,68.7
85,CAMP WOOD,1470,29.68,100.02,47.4,51.8,59.3,66.2,74,79.7,82.1,81.6,76.9,67.4,56.7,49.1,66
86,CANADIAN,2300,35.92,100.38,33.1,38.4,46.4,55.9,65.3,74.9,79.9,78.7,70.5,58.6,44.6,34.8,56.8
87,CANDELARIA,2875,30.13,104.68,49.1,54.2,60.8,68,76,83.2,83.8,81.5,77.1,67.8,55.9,49.3,67.2
89,CANYON DAM,1000,29.87,98.2,49,53,60.3,67.1,74.1,80,83.1,83,78,69.3,59,51.3,67.3
90,CANYON,3590,34.98,101.93,38,42.9,50.1,58.4,67.2,75.9,79.3,77.3,70.9,60.5,47.4,39,58.9
91,CARRIZO SPRINGS,613,28.48,99.87,52.4,57.2,65.4,72.6,79.1,84.1,86.3,85.7,81,72,61.5,53.6,70.9
93,CARTA VALLEY 4 W,1780,29.8,100.73,47.1,51.2,58.6,66.7,74.4,79.6,82.4,81.9,77.2,67.2,56.3,48.1,65.9
94,CARTHAGE,340,32.13,94.35,45.2,49.8,57.4,64,72,78.9,82.6,82.1,76.2,65.9,55.2,47.6,64.7
95,CASTOLON,2169,29.13,103.52,50.7,57.2,65.5,73.4,82.4,87.6,88.1,86.5,81.7,72.2,60.2,51.9,71.5
96,CATARINA,560,28.33,99.63,53.5,57.9,65.8,72.8,80,84.5,86.9,86.6,82.2,73.6,63.3,55,71.8
98,CENTER,325,31.8,94.17,46,50.2,57.3,64,72.2,78.9,82.8,82,76.3,65.7,55.7,48.3,65
100,CENTERVILLE,320,31.25,95.97,46.4,50.6,58,64.7,72.6,79.3,83.1,82.7,77,66.9,56.5,48.7,65.5
102,CHANNING 2,3790,35.68,102.33,33.8,38.4,45.6,53.8,63.6,73.1,77.5,75.6,67.8,56.8,43.8,35.1,55.4
103,CHAPMAN RANCH,25,27.58,97.45,56.5,59.9,66.3,71.9,77.4,81.6,83.4,83.4,80.5,73.7,65.3,58.3,71.5
104,CHARLOTTE 5 NNW,441,28.93,98.75,54.2,58.2,65.6,71.6,78.1,82.7,84.8,84.6,80.6,72.8,63.3,55.7,71
105,CHILDRESS MUNICIPAL AP         CDS,1951,34.43,100.28,39.4,44.6,52.7,61.5,70.3,78.6,83.1,81.4,73.8,63,50.3,41.3,61.7
107,CHISOS BASIN,5300,29.27,103.3,46.9,50.3,56.2,62.6,70.3,74.2,74.1,72.6,68.8,62.3,54.1,48.3,61.7
108,CHOKE CANYON DAM,230,28.47,98.25,53.4,57.6,65.1,71,77.6,82.8,85.2,85.2,81.3,73.2,63.3,55.5,70.9
109,CLARENDON,2700,34.93,100.88,36.9,41.7,49.4,58,67,75.4,80.2,78.3,70.9,59.9,47.3,38.7,58.6
110,CLARKSVILLE 2 NE,435,33.62,95.07,40.7,45.9,54.2,62,70.5,78.2,82.2,81.7,74.9,64,52.3,43.5,62.5
111,CLAUDE,3396,35.12,101.37,34.9,39.3,46.7,54.8,63.9,72.9,77.4,75.9,68.6,57.9,45,36.5,56.2
112,CLEBURNE,783,32.33,97.4,45.9,51,58.6,66,73.7,80.5,84.5,84.2,77.7,67.8,56.2,47.9,66.2
113,CLEVELAND,196,30.37,95.1,49.3,53.1,60.5,66.6,74,79.9,82.7,82.4,77.7,68.1,58.2,51,67
115,COLDSPRING 5 SSW,355,30.53,95.15,48.8,52.3,59.3,65.8,73.4,79.4,82.3,82,77.3,68.1,58.3,50.9,66.5
116,COLEMAN,1727,31.82,99.42,43.3,48.6,55.9,64.4,71.9,78.3,81.8,81.1,74.8,65,53.4,45.1,63.6
117,COLLEGE STATION ETRWD AP       CLL,314,30.58,96.37,50.2,54.5,61.6,67.9,75.3,81.6,84.6,84.7,79.7,70.5,60,52.2,68.6
118,COLORADO CITY,2105,32.38,100.9,42,47.5,55,63.9,72.9,79.4,82.7,81.3,74.5,64.3,52,43.6,63.3
119,COLUMBUS,199,29.72,96.53,50.5,54.3,61.9,68,75.3,80.7,83.3,83.3,78.8,69.8,60.1,52.4,68.2
122,CONROE,245,30.33,95.48,50.3,54,61.6,67.9,75.1,81,83.7,83.4,78.6,69.6,60,52.1,68.1
124,COPE RANCH,2570,31.53,101.28,42.3,47.2,54.9,63.4,72.4,78.8,81.6,80.1,73.8,63.8,51.9,44,62.9
126,COPPER BREAKS STATE PK,1475,34.12,99.75,38.7,43.7,53,61.5,71.3,80,85.1,83.3,75.1,63.4,50.9,41.2,62.3
127,CORNUDAS SERVICE STN,4480,31.78,105.47,42.1,46.4,52.6,59.6,68.6,77.1,78.8,76.7,71.1,61.1,49.3,42.3,60.5
128,CORPUS CHRISTI NAS,20,27.68,97.28,57.8,61.3,67.5,73.1,79.4,84.1,85.5,85.7,82.9,76.5,67.7,60.1,73.5
129,CORPUS CHRISTI INTL AP         CRP,41,27.77,97.52,56.1,59.5,66,71.5,77.5,81.9,83.8,83.9,80.8,73.8,65.1,58.1,71.5
130,CORSICANA,413,32.1,96.47,44.6,49.1,56.6,63.9,72,79.4,83.7,83.6,77.3,67.1,55.4,47,65
134,CRANE 2 E,2630,31.4,102.32,45.4,50.4,58.2,66.8,75.1,81.6,83.6,82.3,75.7,66.3,54.4,46.1,65.5
136,CROCKETT,347,31.3,95.45,46.8,50.9,58.1,64.9,72.7,79.2,82.5,82.4,77.2,67.4,56.7,49,65.7
137,CROSBYTON,3010,33.65,101.25,39.1,43.7,51.3,59.9,68.5,76.1,79.5,78,71.3,61.8,49.4,41.1,60
139,CRYSTAL CITY,580,28.68,99.83,54.6,59.4,67.1,73,79.3,83.7,85.7,85.5,81.4,73.4,63.2,55.7,71.8
140,CUERO,178,29.08,97.32,53.5,57.3,63.7,69.3,76.1,81.4,83.3,83.5,79.1,71.5,62,55,69.6
143,DAINGERFIELD 9 S,300,32.92,94.72,44.8,49.3,57.1,64.2,72.8,79.8,83.6,83.1,77,66.7,55.4,47.8,65.1
144,DALHART 6 SW,4000,36.02,102.62,31.4,36.6,43,51.7,61,71.2,74.9,73.3,66.1,54,41.3,32.7,53.1
145,DALHART MUNICIPAL AP           DHT,3990,36.02,102.55,33.5,38,45,53.2,62.6,72.2,76.4,74.6,66.7,55.6,42.9,34.5,54.6
146,DALLAS-FT WORTH INTL AP        DFW,560,32.9,97.02,44.1,49.4,57.4,65,73.1,80.9,85,84.4,77.5,67.2,55.1,46.7,65.5
147,DALLAS LOVE AP                 DAL,440,32.85,96.85,45.9,51,58.8,66.3,74.4,82.2,86.5,86.1,78.9,68.4,56.4,48,66.9
148,DANEVANG 1 W,70,29.05,96.23,52.2,55.2,62,68.6,75.1,80.5,82.5,82.8,79.2,71.3,61.5,54.3,68.8
152,DEKALB,400,33.63,94.63,42.5,47.4,55.3,63.2,70.9,78,82.2,81.5,74.9,64.8,53.3,45.2,63.3
153,DELL CITY 5 SSW,3770,31.9,105.22,42.3,47.3,53.6,61,70.7,78.9,81.1,78.8,72.3,62,49.8,42.1,61.7
154,DEL RIO INTL AP                DRT,999,29.38,100.93,51.3,56.1,63.8,70.6,77.7,82.9,85.3,85.1,80,71.1,60.1,52.4,69.7
155,DENISON DAM,613,33.82,96.57,40.5,45.5,53.7,61.7,70,77.9,82.6,81.9,74.8,64.4,52.9,43.7,62.5
156,DENTON 2 SE,630,33.2,97.1,42.7,48,55.9,63.4,71.6,79.1,83.6,82.7,75.6,65.3,53.6,45.4,63.9
161,DILLEY,550,28.68,99.18,52,56.6,64.6,71.2,77.9,82.6,84.8,84.8,80.5,71.9,61.9,54,70.2
163,DIMMITT 2 N,3850,34.6,102.32,34.6,38.9,45.8,54.1,63.6,72.6,75.9,74,67.1,56.3,43.6,35.6,55.2
165,DRIPPING SPRINGS 6 E,1120,30.22,97.98,49,53.1,60.7,67.4,74.1,79.8,82.8,83.1,77.6,68.9,58.1,50.7,67.1
166,DUBLIN,1502,32.1,98.33,42.6,47.5,55.2,63.1,70.6,77.5,81.7,81.4,74.8,65.1,53.3,44.9,63.1
167,DUMAS,3655,35.87,101.97,34.1,38.5,45.7,54.4,64,73.7,78.4,76.5,68.7,57.6,44.2,35.7,56
170,EAGLE MOUNTAIN LAKE,760,32.87,97.45,43,47.9,55.1,63.4,71.5,79.8,84.1,83.8,76.7,66.3,54.3,45.7,64.3
171,EAGLE PASS,808,28.72,100.48,52.2,57,65,72,78.9,83.9,86.4,86,81.2,72.1,61.5,53.4,70.8
172,EASTLAND,1433,32.4,98.82,40.7,45.7,54.2,62.4,70.6,77.9,81.6,80.7,73.7,63.4,51.5,42.8,62.1
175,EL PASO 32 ENE,5240,31.83,105.97,41.6,46.7,52.7,59.5,68,76.3,77.5,75.5,70.9,61.9,50,43,60.3
176,EL PASO INTL AP                ELP,3918,31.82,106.38,45.1,50.5,57,64.6,73.7,82.1,83.3,81.1,75.4,64.9,52.7,45.4,64.7
178,ELGIN,579,30.35,97.37,50.8,55,62.4,68.7,75.6,81.2,84.3,84.3,79.4,70.7,60.3,52.6,68.8
180,EMORY,435,32.87,95.77,42.4,47.1,55.3,62.7,70.3,77.6,81.8,81.4,75,64.5,53.2,44.7,63
181,ENCINAL,590,28.05,99.43,53.9,58.3,66.2,72.7,79.5,84.2,85.9,85.9,81.4,73,63.3,55.6,71.7
184,EVANT 1 SSW,1245,31.47,98.17,44.5,49,56.1,63.3,70.9,78,81.9,81.8,75.8,66.5,54.7,46.9,64.1
185,FAIRFIELD 3 W,432,31.73,96.2,47.5,51.9,59.4,66.2,73.5,79.9,83.6,83.1,77,67.6,57,49,66.3
186,FALCON DAM,320,26.55,99.13,57,61.5,69.4,75.3,81.5,85.7,87.1,86.9,82.7,75.2,66.3,58.4,73.9
187,FALFURRIAS,120,27.22,98.13,55.8,59.6,66.7,72.8,79,83.4,85.1,84.8,81.1,73.6,64.8,57.8,72
191,FERRIS,470,32.52,96.67,44.4,49.5,56.9,64.4,72.6,79.7,84,83.7,77.3,67.2,55.2,46.8,65.1
193,FLATONIA,520,29.67,97.12,52.1,55.8,63,69.1,75.6,81,83.8,83.9,79.3,71.2,61.3,53.8,69.2
196,FLORESVILLE,400,29.13,98.17,50.6,54.8,62.6,68.9,76.2,81.8,84.6,84.4,79.6,70.9,60.9,53,69
197,FLOYDADA,3219,33.97,101.33,36.7,41.4,49,58,67.2,75.7,79.3,77.4,70.2,59.8,47.1,38.5,58.4
199,FOLLETT,2769,36.43,100.13,32.9,38.1,45.8,55.2,64.3,73.8,78.7,77.7,69.3,58,44.5,35.4,56.1
202,FORT DAVIS,4880,30.67,103.88,44.8,48.6,54,61.1,68.8,74.9,75.3,73.4,68.9,61.3,51.5,45.8,60.7
203,FORT HANCOCK 8 SSE,3905,31.18,105.73,42,46.9,53.6,60.8,70.3,79,80.1,77.8,72.3,62.6,50,42.3,61.5
204,FORT STOCKTON,3000,30.9,102.92,46.2,50.9,58.2,66,74.4,81,82.5,81,75.5,66.4,55.6,47.8,65.5
205,FOWLERTON,320,28.47,98.82,52.7,57.2,64.5,71.2,78.1,83.3,85.7,85.4,80.7,72.2,62,54.4,70.6
206,FRANKLIN,469,31.03,96.48,48.9,53.2,60.4,66.9,74.1,80.2,83.7,83.5,77.9,68.8,58.4,50.9,67.2
207,FREDERICKSBURG,1685,30.23,98.92,48.7,52.6,59.8,66.5,73.4,79,81.7,81.2,76.2,67.8,57.2,50,66.2
208,FREEPORT 2 NW,8,28.98,95.38,54,56.7,63.1,69,75.9,81.5,83.7,83.4,79.5,71.9,63.1,56.2,69.8
209,FREER,510,27.9,98.62,55,58.6,66,72.4,78.6,83.2,85.1,85.1,80.7,73.4,63.7,56.3,71.5
211,FRIONA,4010,34.65,102.72,35.8,40.3,47.3,55.2,64.4,73.3,76.4,74.6,67.9,57.5,45.1,37,56.2
215,GAIL,2530,32.77,101.47,43.4,48.3,56.3,64.4,72.4,78.9,81.7,80.2,73.6,64.7,52.7,45.1,63.5
216,GAINESVILLE,780,33.63,97.15,40.1,45.3,53.9,62.2,70.3,78.6,83.4,82.8,75.2,64.5,52.4,43.1,62.7
217,GAINESVILLE 5 ENE,870,33.65,97.07,40.7,46.5,53.9,62.2,70,77.8,83.2,83.1,75.6,65.3,52.4,43.5,62.9
218,GALVESTON                      GLS,10,29.33,94.78,55.8,58,64.1,70,76.9,82.2,84.3,84.4,81.1,74.1,65.4,58.1,71.2
219,GARDEN CITY 1 E,2640,31.87,101.5,41.6,46.6,54.4,62.6,71.5,78.2,81,79.7,73.3,63.7,51.5,43.5,62.3
220,GATESVILLE 4 SSE,760,31.38,97.72,47.4,52,59.8,66.5,73.8,79.9,83.5,82.8,77,67.8,57,49,66.4
221,GEORGETOWN LAKE,840,30.68,97.72,47.2,51.3,59.1,66.5,73.8,80,83.8,83.6,77.9,68.5,57.7,49.5,66.6
224,GILMER 4 WNW,390,32.75,95.05,43.2,48,55.4,62.4,70.6,78,82,81.3,74.9,64.4,53.8,45.9,63.3
225,GLEN ROSE 2 W,655,32.23,97.78,43.6,48.9,57.1,64.7,72.4,79.6,83.4,82.4,75.6,65.7,54.2,45.5,64.4
227,GOLDTHWAITE 1 WSW,1500,31.45,98.58,46.9,51.3,58.7,65.7,72.5,78.3,81.6,81.2,76,67.6,56.7,48.5,65.4
228,GOLIAD,142,28.67,97.4,55.7,59.1,65.7,71.1,77.5,82.2,84.3,84.5,80.7,73.1,64.1,57.4,71.3
230,GONZALES 1 N,380,29.53,97.45,49.7,53.6,61.1,67.3,74.7,80.5,83.5,83.2,78.4,69.5,59.4,51.7,67.7
231,GRAHAM,1050,33.1,98.58,41.1,46.5,55.1,63.1,71.8,79.5,84.1,83.1,75.4,64.4,52.4,43.2,63.3
232,GRANDFALLS 3 SSE,2440,31.3,102.83,43.8,49.2,57.3,65.7,74.5,82,84,82.3,75.9,65.9,53.6,44.9,64.9
234,GRANGER DAM,565,30.7,97.33,47.1,51.1,59.1,66.3,73.7,79.9,83.3,83.3,78.1,68.4,57.5,49.3,66.4
235,GRAPEVINE DAM,585,32.95,97.05,42.4,47.6,55.6,63.3,71.6,79.4,84,83.4,76.5,65.9,54.2,45.4,64.1
236,GREENVILLE KGVL RADIO,545,33.17,96.1,41.7,46.5,54.2,61.9,70.3,78.3,82.7,82.3,75.6,64.9,53.1,44.4,63
237,GROVETON,350,31.07,95.13,49,53.3,60,66.3,73.7,79.9,83.1,82.6,77.4,68.2,58,50.4,66.8
238,GRUVER,3170,36.25,101.4,32.3,37.2,45.3,54.6,63.8,73.9,78.3,76.6,68.7,56.9,43,33.9,55.4
240,GUTHRIE,1740,33.62,100.32,38.8,44,52,61,70.1,78,82.3,80.8,73.3,62.6,49.6,40.4,61.1
242,HALLETTSVILLE 2 N,275,29.47,96.95,52.7,56.4,63.4,69.2,76,81.1,83.7,83.7,79.6,71.5,61.9,54.5,69.5
243,HAMILTON 1 NW,1260,31.72,98.15,45.1,49.8,57,64,71.8,78.8,82.8,81.9,75.4,66.3,55,47.2,64.6
246,HARLINGEN,38,26.2,97.67,58.6,62.1,68.8,73.7,79.3,83,84.4,84.5,81.3,74.8,67.2,60.4,73.2
248,HART,3640,34.37,102.08,35.4,40.1,47.3,55.9,65,73.5,76.6,74.5,68.1,58,45.3,37.3,56.4
250,HASKELL,1600,33.15,99.75,41.5,46.6,54.9,63.8,72.7,80,84.4,83.3,75.8,65.4,52.8,43.9,63.8
252,HEBBRONVILLE,580,27.32,98.68,55.9,60,67.6,73.6,79.7,83.9,85.4,85.3,81.3,73.6,64.8,57.3,72.4
253,HENDERSON,420,32.18,94.8,44.4,48.8,55.9,62.8,70.9,78,81.9,81.4,75.3,65.1,54.5,46.8,63.8
254,HENRIETTA,930,33.82,98.2,39,44.2,52.7,61.1,69.7,77.7,82.9,81.9,74.3,63.5,51.1,42.1,61.7
255,HEREFORD,3820,34.82,102.4,35.5,39.9,47.3,55.7,65,74,77.6,75.7,68.5,57.7,44.9,36.6,56.5
257,HICO,1025,31.98,98.03,43.5,47.9,55.2,63.3,70.9,78.5,82.1,81.8,75.1,65.1,53.6,45.4,63.5
259,HILLSBORO,550,32.02,97.12,46.3,51.4,59.1,65.9,73.4,80.2,84.1,84,77.9,68.3,56.9,48.6,66.3
260,HONDO AP                       HDO,920,29.37,99.17,50.3,54.9,62.2,68.7,75.7,81,83.1,82.9,78.6,70,59.3,52,68.2
262,HORDS CREEK DAM,1942,31.85,99.57,42.5,47.5,55.4,63.4,71.1,77.7,81.2,80.5,74,64.6,52.9,44.5,62.9
263,HOUSTON BUSH INTL AP           IAH,95,30,95.37,51.8,55.4,62.3,68.5,75.8,81.3,83.6,83.3,78.9,70.4,60.9,53.7,68.8
264,HOUSTON HOBBY AP               HOU,44,29.65,95.28,54.3,57.7,64.2,70,77,82.3,84.5,84.4,80.5,72.2,63,56.1,70.5
271,HOUSTON SAN JACINTO DAM,58,29.92,95.15,51.3,54.3,61.2,67.5,74.8,80.2,82.8,82.8,78.9,69.5,60.5,53.1,68.1
274,HUDSPETH RIVER RANCH,1630,29.98,101.18,47.9,52.2,60.8,68.1,76,81.7,84,83.4,78.1,68.7,57.5,49,67.3
277,HUNTSVILLE,494,30.72,95.55,48.5,52.7,60.2,66.9,74.2,80.2,83.2,82.8,77.6,68.8,58.7,50.8,67.1
281,JACKSBORO,1100,33.23,98.15,41.4,46.5,54.2,62.7,70.8,78.9,83.4,82.6,75.2,64.9,52.6,44.1,63.1
282,JACKSONVILLE,560,31.97,95.27,46.2,50.4,57.6,65.2,72.9,79.4,83.1,82.4,76.8,67.3,56,48.6,65.5
285,JAYTON,2010,33.25,100.57,39.4,44.4,52.3,61.4,70.3,78.2,82.4,80.8,73.3,62.9,50.1,41.3,61.4
287,JEFFERSON,199,32.77,94.33,43.1,47.7,56.1,62.9,71.2,78.2,82,81.4,74.9,63.8,53.5,45.7,63.4
288,JEWETT,510,31.35,96.15,48.6,52.7,60.3,66.5,73.6,79.6,82.9,83.2,77.6,68.7,58.3,50.6,66.9
290,JOHNSON CITY,1232,30.28,98.42,47,51.3,58.7,65.7,73.2,79.6,83,82.8,77.5,68,57.4,49.3,66.1
292,JUNCTION 4 SSW                 JCT,1747,30.45,99.8,45.2,50,57.5,65,72.8,79.1,81.6,80.8,75.4,65.8,54.2,46.8,64.5
294,KARNES CITY 2 N,450,28.9,97.88,52,55.7,62.7,68.9,75.9,81.3,83.6,83.6,79.2,71.3,61.3,54,69.1
296,KAUFMAN 3 SE,420,32.57,96.27,43.2,48.1,55.7,63,71.3,78.9,83.5,83.3,76.7,66,54.3,45.6,64.1
297,KENT 8 SE,4860,31,104.12,43.2,47.2,53.4,60.9,69,75.7,76.5,74,69.2,61.8,51.5,44.4,60.6
298,KERRVILLE 3 NNE,1782,30.07,99.12,45.3,49.7,57.3,64.4,71.7,77.7,80.5,80.1,74.9,65.6,55.1,47.3,64.1
299,KILLEEN 3 S                    ILE,910,31.07,97.73,46,50.4,57.6,65.5,72.8,79.9,83.5,83.5,77.3,68,56.2,48.2,65.7
300,KINGSVILLE,66,27.52,97.87,55.9,59.4,65.9,72,77.6,82.3,84.3,84.4,81,73.5,64.7,58,71.6
301,KINGSVILLE NAAS,56,27.5,97.82,57.1,60.8,67.6,73.1,79.2,83.5,85.2,85.1,81.5,74.6,65.8,58.6,72.7
305,LA GRANGE,357,29.92,96.88,52,55.8,62.9,69.1,76,81.6,84.5,84.4,79.4,71.2,61.1,53.6,69.3
306,LA PRYOR,759,28.98,99.87,51.4,56.3,64.2,71.2,77.8,83.1,85.5,85.3,80.6,71.5,61.5,53.1,70.1
307,LA TUNA 1 S,3800,31.97,106.6,44.7,49.7,56.1,63,71.6,80.4,82.7,80.5,75.3,64.8,52.5,44.6,63.8
308,LAJITAS,2440,29.27,103.8,52.1,58,65,72.6,80.6,87,87.1,85.4,81.2,71.7,59.8,52.7,71.1
310,LAKE COLORADO CITY,2100,32.33,100.92,42.1,47.3,55.3,63.4,72.3,79,82.2,81.2,74.5,64.8,53,44,63.3
311,LAKE FORK RESERVOIR,414,32.82,95.53,40.4,44.9,52.9,60.3,69,76.6,80.6,80,73.7,63,51.5,43,61.3
312,LAKE KEMP,1167,33.75,99.15,39.9,45.2,53.7,63,71.8,80,84.9,83.7,75.8,65.1,52.2,42.6,63.2
313,LAMESA 1 SSE,2965,32.72,101.95,40.1,45,52.2,60.2,69.5,76.8,79.7,78.2,71.9,62.3,50.2,42.1,60.7
314,LAMPASAS,1032,31.07,98.18,44.1,48.5,56.3,63.9,71.9,78.8,82.4,81.8,75.7,65.7,54.4,46.1,64.1
315,LANGTRY,1290,29.8,101.57,47.4,52.7,61.7,70.2,78.3,83.8,86.1,85.7,79.9,69.5,57.5,48.6,68.5
316,LAREDO 2,430,27.57,99.5,55.6,60.6,68.9,76,82.6,86.9,88.5,87.9,83.2,75.1,65.1,57,74
317,LAVON DAM,510,33.03,96.48,42.1,47.3,55.2,62.9,71,78.5,82.8,82.6,76.2,65.7,53.8,45.1,63.6
320,LEVELLAND,3550,33.57,102.38,38.6,43.2,50.2,58.8,68.1,76.2,78.6,76.8,70.3,60.3,48.1,40.2,59.1
322,LEXINGTON,465,30.42,97.02,48.4,52.4,59.8,66.1,73.6,79.9,83.1,83.1,78.1,69,58.8,50.7,66.9
323,LIBERTY,35,30.07,94.8,50.7,54.3,60.6,66.8,74.1,79.7,82.5,82.6,77.9,69,59.6,52.8,67.6
327,LIPSCOMB,2450,36.23,100.27,31.8,36.9,45.4,55,64.5,74.3,79.7,78.2,69.7,57.6,43.5,34.1,55.9
328,LITTLEFIELD 2 NW,3505,33.93,102.35,37.9,42.5,49.5,57.7,67.2,75.4,78.2,76.1,69.7,59.6,47.5,39.4,58.4
329,LIVINGSTON 2 NNE,178,30.73,94.93,47.6,51.2,58.4,64.9,72.8,79.1,82.3,81.8,76.6,67,57.3,49.6,65.7
330,LLANO,1020,30.75,98.65,46,50.3,58.1,65.4,73.3,80,83.7,83,76.9,67.2,55.9,47.8,65.6
332,LONGVIEW,330,32.47,94.73,45.4,49.8,57.1,64.2,72.6,79.5,83.4,82.6,76.8,66.2,55.5,47.5,65.1
333,LONGVIEW 11 SE,407,32.35,94.65,46.8,51.2,58.6,65.4,73.2,79.9,83.5,82.8,76.6,67,56.3,49,65.9
336,LOVELADY,302,31.13,95.45,47.1,51,58.4,65.4,73.1,79.4,82.9,82.7,77.5,67.4,56.8,49.1,65.9
337,LUBBOCK RGNL AP                LBB,3254,33.67,101.82,38.1,43.3,51.2,60,69.2,77.1,79.8,78,70.9,60.7,48.1,39.7,59.7
339,LUFKIN ANGELINA CO AP          LFK,288,31.23,94.75,48.6,52.9,59.8,66.2,73.7,79.7,82.6,82.2,77.3,67.7,57.7,50.3,66.6
341,LULING,400,29.68,97.65,49.2,53.4,61,67.2,74.7,80.9,83.8,83.7,78.6,69.7,59.2,51.3,67.7
342,LYTLE 3 W,722,29.23,98.85,52,56.3,63.4,69.5,75.8,80.8,83.1,83,78.8,70.9,60.6,53.5,69
343,MADISONVILLE,252,30.95,95.92,48,52,59,66.2,74.2,80.4,83.6,83.4,78,68.4,57.4,50,66.7
344,MARATHON,4055,30.22,103.23,44.9,48.1,54.9,61.9,69.9,75.5,76.6,75.8,70.8,62.9,53,46.4,61.7
345,MARFA # 2,4760,30.3,104.02,41.5,45.2,51.4,58.6,67.3,74,74.5,73.1,68.1,59.9,49.3,42.3,58.8
346,MARLIN 3 NE,388,31.33,96.85,48.8,53.4,60.6,67.1,74.3,80.7,84.2,84.2,79,69.7,58.7,50.7,67.6
347,MARSHALL,352,32.53,94.35,43.8,48.5,56.3,63.2,71.1,78.2,81.9,81.5,75.4,64.3,54.1,46.2,63.7
348,MASON,1430,30.75,99.23,45.4,49.5,57.3,65.1,72.3,78.9,82,81.1,75.8,66,55.6,47.4,64.7
349,MATADOR,2290,34.02,100.83,40.2,44.9,52.5,61.2,69.6,77.8,82.2,80.5,73,63.2,50.8,42.3,61.5
350,MATAGORDA 2,10,28.68,95.97,53.3,56,61.9,69,75.7,81.3,83.4,83.5,80,72.7,63.1,56.1,69.7
351,MATHIS 4 SSW,138,28.03,97.87,54.7,58.3,65.1,71.4,77.4,82.1,84,84.3,80.7,73.2,64.1,56.9,71
353,MCALLEN,100,26.2,98.25,58.7,62.3,69.3,74.5,79.8,83.8,85.1,85.7,82.2,75.6,67.5,60.2,73.7
354,MCALLEN MILLER INTL AP         MFE,100,26.18,98.23,60.1,63.8,70.8,75.8,80.9,84.5,85.9,86.1,82.7,76.4,68.4,61.6,74.8
355,MCCAMEY,2450,31.13,102.2,46.9,51.9,59.3,67.2,75.3,81.6,83.8,82.6,76.8,67.7,56,48.2,66.4
356,MC COOK,220,26.48,98.38,57.9,61.9,69.1,74.7,80.1,84.1,85.7,85.8,82.1,75.2,67,59.6,73.6
357,MEDINA 2 W                     T87,1705,29.78,99.28,47.2,51.3,58.6,65.5,73,79,81.4,81.3,76.7,67.3,57,49.2,65.6
358,MCGREGOR,723,31.43,97.4,45,49.7,57.3,64.9,72.7,79.8,83.9,83.7,77.3,67.3,55.9,47.4,65.4
359,MC KINNEY 3 S,595,33.17,96.62,41.8,46.5,53.9,62.3,70.5,78.1,82.4,81.6,74.8,64.4,52.8,44.5,62.8
360,MC LEAN,2860,35.23,100.6,37.6,42.7,50.8,59.4,67.5,75.3,79.5,78.2,71.5,61.1,48.2,39.5,59.3
361,MEMPHIS,2090,34.73,100.53,38.8,43.6,51.2,60,69.2,77.7,82.6,81,73.4,62.5,49.5,40.8,60.9
362,MENARD,1951,30.92,99.78,45.6,50.2,57.9,65.3,73,78.6,81.4,80.4,74.7,65.5,54.4,46.9,64.5
366,MEXIA,535,31.68,96.48,45.6,50.3,57.9,65.2,72.7,79.7,83.7,83.6,77.7,67.5,56.5,48,65.7
367,MIAMI,2755,35.7,100.63,33.6,38.3,46.3,55.4,64.7,74.2,79.4,77.8,69.6,57.7,44.4,35.6,56.4
368,MIDLAND INTL AP                MAF,2862,31.95,102.18,43.2,48.6,55.9,63.7,72.8,79.6,81.7,80.4,73.9,64.4,52.3,44.8,63.4
369,MIDLAND 4 ENE,2740,32.02,102.03,44.5,49.8,57.3,65.1,73.6,79.8,81.8,80.5,74.5,65.4,53.2,45.9,64.3
372,MINEOLA 8 ENE,385,32.72,95.37,42.8,47.5,54.9,62.3,71.2,78.3,82,81.3,75,64.6,53.4,45.3,63.2
373,MINERAL WELLS AP               MWL,930,32.78,98.07,45.8,50.9,59.3,66.4,74.1,80.8,84.8,84.2,77.5,67.9,56.1,47.6,66.3
374,MISSION 4 W,133,26.22,98.4,58.8,62.6,69.8,75.4,81.1,84.7,86.3,86.4,82.8,75.8,67.5,60,74.3
375,MONAHANS,2660,31.58,102.88,43.3,49.1,57.2,65.1,74.2,81.5,83.3,81.9,75.1,65.4,52.8,44.6,64.5
380,MORTON,3760,33.72,102.77,37.8,42.2,49.5,57.6,67.1,75.3,77.8,75.7,69.2,59.3,47.4,39.2,58.2
381,MOUNT LOCKE,6790,30.67,104.52,43.7,46.8,52.1,58.7,66.5,72.2,71.8,70.1,66.3,60,50.9,44.8,58.7
382,MOUNT PLEASANT,425,33.17,95,41.8,46.2,54.2,61.8,70.4,78.3,82.2,81.6,74.8,63.7,52.7,44.5,62.7
384,MUENSTER,1005,33.65,97.38,42.8,48,55.5,63,71,78.4,82.5,81.9,75.3,64.9,53.9,45.7,63.6
385,MULESHOE 1,3825,34.23,102.73,36,40.6,47.5,55.9,65.3,74.1,77.2,75.3,68.4,57.4,45,37.1,56.7
386,MULESHOE NATL WDLF REF,3740,33.95,102.78,37.3,41.8,48.6,56.9,66.5,75.3,77.8,76.1,69.2,58.9,46.9,38.4,57.8
388,MUNDAY,1480,33.45,99.62,41.5,46.3,54.3,63.6,72.1,80.1,83.9,82.7,75.2,64.8,52.5,43.7,63.4
389,NACOGDOCHES,435,31.62,94.65,46.5,50.8,58.5,65.4,73.8,80.3,83.9,83.6,77.7,67.3,56.4,48.8,66.1
390,NAVARRO MILLS DAM,454,31.95,96.7,44.2,49.2,57.1,64.6,72.7,79.8,83.8,83.6,77.2,66.9,55.5,46.7,65.1
394,NEW BRAUNFELS,710,29.73,98.12,48.6,52.8,60.2,66.4,73.9,79.8,82.7,82.6,77.8,68.6,58.5,50.8,66.9
396,NEW GULF,72,29.27,95.9,52.5,55.9,62.4,68.3,75.1,80.5,82.7,82.6,78.9,71,62.3,54.7,68.9
400,NIXON,400,29.27,97.75,50.5,54.2,61.2,68,74.9,80.3,83,83.2,78.7,70.1,60,52.6,68.1
406,O C FISHER DAM,1964,31.47,100.48,43.6,48.7,56.5,64.5,72.7,78.9,82.4,81.2,74.4,65,53.3,45.4,63.9
408,OLNEY,1195,33.37,98.77,43.2,48.4,56.5,64.4,72.4,79.9,84.3,83.7,76.4,66.2,53.8,45.2,64.5
410,OLTON,3610,34.18,102.13,36.3,40.6,48.2,56.6,65.8,73.9,76.8,74.8,68.3,58.2,46.1,37.8,57
411,ORANGE,10,30.08,93.73,50.3,53.4,60.1,66.5,74.1,79.5,81.6,81.6,77.2,68.4,59.3,52.2,67
412,ORANGE 9 N,18,30.23,93.73,49.8,53.4,60.2,66.2,73.6,79.1,81.6,81.2,76.9,68,58.6,52.1,66.7
414,OZONA 1 SSW,2340,30.68,101.2,43.3,48,55.9,63.9,72.3,78,80.5,79.6,73.8,64,52.7,44.5,63
415,PADUCAH,1900,34.02,100.3,39.5,44.5,52.6,61.4,70.1,78.4,83.1,81.6,73.8,63.1,50.5,41.5,61.7
417,PAINT ROCK,1625,31.5,99.92,46.6,51.6,59.4,67.2,75.1,80.9,84.1,83.2,76.6,67.5,55.9,47.9,66.3
418,PALACIOS MUNICIPAL AP          PSX,12,28.73,96.25,52.9,55.8,62.1,68.5,75.7,81.1,83.4,83,79,71.3,62.2,55.1,69.2
419,PALESTINE 2 NE,465,31.78,95.6,47.9,52.4,60,66.2,73.2,79.3,82.9,82.7,77.1,67.7,57.4,49.7,66.4
421,PAMPA 2,3150,35.57,100.97,34.9,39.5,46.9,55.8,65,74.1,79.1,77.4,69.6,58.6,45.3,36.7,56.9
422,PANDALE 1 N,1689,30.17,101.55,46.1,50.9,59.7,67.6,76.4,81.9,84.3,83.5,77.4,67.7,55.5,47,66.5
423,PANDALE 11 NE,1665,30.27,101.45,45.5,50.5,58.6,66.5,74.8,80.4,82.9,82.3,76.6,67,55.1,47.1,65.6
424,PANHANDLE,3532,35.42,101.37,33.4,38,45.6,54.5,63.4,72.4,76.6,75.2,67.9,56.7,43.5,34.6,55.2
425,PANTHER JUNCTION,3740,29.33,103.2,49,53.6,60.8,67.9,75.8,80.6,81.2,79.7,75.2,66.8,57.3,50,66.5
426,PARIS,542,33.67,95.57,40.6,46,54.4,62.3,70.6,78.7,83.1,82.6,75.2,64.3,52.3,43.5,62.8
427,PEARSALL,635,28.88,99.08,51.5,56.1,63.9,69.9,76.4,81.4,84,83.9,79.7,71.1,60.9,53.1,69.3
428,PECOS,2610,31.42,103.5,44,49.1,56.4,64.6,73.8,81.6,83.7,82.1,75.3,65,52.7,44.9,64.4
429,PENWELL,2940,31.73,102.58,43.7,48.8,56.2,64.5,73.5,80.4,82.8,81.7,75.1,65.6,53.8,45.1,64.3
430,PERRYTON,2942,36.38,100.82,31.8,36.8,44.5,53.4,62.8,72.6,78.1,76.5,68.4,57.1,43.1,33.9,54.9
433,PERSIMMON GAP,2865,29.67,103.17,48.7,53.5,61.1,69.2,77.6,83.2,84.3,83,77.6,68.2,57.1,49.9,67.8
434,PIERCE 1 E,105,29.23,96.18,51.9,55.3,62.4,68.9,76,81.1,83.6,83.2,78.7,70.3,61.4,53.8,68.9
435,PILOT POINT,690,33.38,96.97,41.5,46.6,54.5,62.6,71.6,79.8,85,84.3,76.8,66,53,44.3,63.8
437,PINE SPRINGS,5600,31.88,104.82,41.4,45.1,50,57.6,65.7,73.2,73.7,72.1,67,59.3,48.9,42,58
440,PLAINS,3675,33.18,102.83,39.1,44.4,50.9,59,68.2,75.8,78.2,76.6,70.4,60.4,48.1,40.8,59.3
441,PLAINVIEW,3370,34.18,101.7,36.7,41.6,49.1,57.9,67.4,75.7,79,76.8,69.9,59.7,47,38.4,58.3
442,POINT COMFORT,20,28.65,96.55,55.2,58.5,64.9,70.4,77.1,82.4,84.7,84.4,80.3,73.1,64.3,57.3,71.1
443,PORT ARANSAS,12,27.83,97.05,56.1,58.7,66.1,71.8,78.3,83.2,84.4,85,82.6,76.4,67.5,59.3,72.5
445,PORT ARTHUR AP BEAUMONT        BPT,16,29.95,94.02,52.2,55.6,62.2,68.2,75.4,80.9,82.7,82.5,78.7,70.1,60.9,54.2,68.6
446,PORT ISABEL,17,26.07,97.22,59.7,62.4,68.3,73.1,78.5,82.2,83.4,83.4,81.2,76.4,69.5,61.5,73.3
447,PORT MANSFIELD                 9R2,9,26.55,97.43,56.8,60.3,67,72,77.5,81.5,83,82.8,79.8,74,66.7,59.1,71.7
448,PORT O CONNOR,5,28.43,96.43,54.3,57.4,64.1,70,76.4,81.7,83.9,84.1,80.9,74.1,65,57,70.7
449,POST,2620,33.18,101.38,41,45.8,53.3,61.7,70.4,78.1,81.8,80.4,73.3,63.8,51.3,43.1,62
450,POTEET,480,29.03,98.58,51.4,55.2,62.9,69.4,76.3,81.3,84.3,84.2,80.2,71.4,61.4,53.2,69.3
451,PRADE RANCH,2052,29.92,99.77,45.3,49.1,56.7,63.9,71.3,77.2,79.6,79,73.8,64.2,53.9,46.3,63.4
452,PRESIDIO,2560,29.55,104.35,51.8,57.4,64.4,71.8,80.1,86.9,87.3,85.7,80.8,71.7,59.8,52.4,70.8
453,PROCTOR RESERVOIR,1221,31.97,98.5,43.9,48.7,56.8,64.4,72.3,79.3,83,82.4,75.9,66.3,54.9,46.4,64.5
454,PUTNAM,1591,32.37,99.18,43.2,48.4,55.7,64.3,72.2,79.4,83.3,82.7,75.7,66.1,54.1,45.3,64.2
455,QUANAH 5 SE,1495,34.25,99.68,38.4,43.6,52.3,61.2,70.5,79.3,83.9,82.1,74,62.8,50.1,40.8,61.6
458,RAYMONDVILLE,31,26.48,97.82,58.1,61.4,68.3,73.6,78.9,82.7,84.5,84.7,81.1,74.6,66.6,59.5,72.8
460,RED BLUFF DAM,2800,31.9,103.93,45.6,50.6,57.9,65.8,74.4,82,83.7,81.9,75.5,65.9,54.2,46.5,65.3
461,RED ROCK,520,29.97,97.45,47.5,51.6,59.5,66.5,73.9,80,82.9,82.8,77.3,68.4,57.8,49.7,66.5
462,REFUGIO,49,28.3,97.28,56.1,59.3,65.7,70.5,77,81.8,83.9,83.7,80.2,72.5,63.9,57.3,71
463,REFUGIO 7 N,54,28.38,97.28,55,58.4,65.2,70.5,76.7,81.5,83.7,83.7,80.1,72.5,64,56.6,70.7
470,RIO GRANDE CITY 1 SE,172,26.38,98.82,57,61.2,69,75.4,81,85.1,86.7,86.7,82.4,74.7,66,58.3,73.6
472,RISING STAR 1 S,1633,32.08,98.97,42.4,47.3,55.1,63.2,71.5,78.2,81.9,81.3,74.8,65,53.4,44.8,63.2
474,ROBERT LEE,1780,31.9,100.48,43.2,48.2,56.2,64.7,73.6,80.6,84.2,83.1,76.1,65.9,53.7,45.1,64.6
475,ROBSTOWN,85,27.78,97.67,55.5,59.1,66.3,72.3,78,82.8,84.9,85.1,81.5,74,65.4,57.6,71.9
477,ROCKPORT,9,28.03,97.05,54,57,63.4,70.1,76.7,82,83.8,83.8,80.7,73.5,63.9,56.4,70.4
478,ROCKSPRINGS,2400,30.02,100.22,46.6,50.9,57.3,64.9,72,77,79.9,79.5,74.8,66.1,55.3,47.8,64.3
481,ROSCOE,2380,32.45,100.53,41.9,47,54.2,63.3,71.6,78.5,81.8,80.6,73.5,63.9,52.2,43.6,62.7
484,ROTAN,1935,32.85,100.47,41.3,46.2,53.4,62.2,70.7,77.9,81.7,80.6,73.6,63.3,51.3,42.9,62.1
488,RUSK,720,31.82,95.15,46.2,50.6,58,64.7,72.3,78.9,82.6,82.5,77.1,67.5,57,48.8,65.5
490,SAM RAYBURN DAM,189,31.07,94.1,46.4,50.5,58.3,64.8,73.1,79.5,82.3,81.8,77,66.7,56.6,49,65.5
491,SAN ANGELO MATHIS AP           SJT,1916,31.35,100.5,44.9,49.7,57.2,65,73.1,79.2,82.4,81.3,74.8,65.4,54,46.4,64.5
492,SAN ANTONIO INTL AP            SAT,809,29.53,98.47,50.3,54.7,62.1,68.6,75.8,81.5,84.3,84.2,79.4,70.7,60,52.4,68.7
494,SAN MARCOS,612,29.87,97.92,49.9,53.9,61.6,68.2,75.6,81.5,84.4,84.4,79.7,70.5,59.9,52.1,68.5
495,SAN SABA,1195,31.18,98.72,46.1,50.8,58.7,66,73.7,80,83.6,82.7,77,67.4,56.3,47.9,65.9
496,SANDERSON,2855,30.15,102.4,45.3,49.6,57.4,65.2,73.3,78.7,80.4,79.5,74,64.2,53.9,46.6,64
497,SANTA ROSA 3 WNW,50,26.27,97.87,58.3,62.5,69.4,74.2,79.8,83.8,85.3,85.1,81.3,74.9,67.7,60.3,73.6
500,SEALY,194,29.78,96.13,51.4,54.9,61.8,68.1,75.3,81,83.6,83.5,78.9,70.6,60.5,53.3,68.6
501,SAN ANTONIO SEAWORLD,940,29.45,98.7,51,55.3,62.7,68.8,75.5,80.9,83.5,83.6,79.2,71.1,60.3,52.9,68.7
502,SEMINOLE,3340,32.72,102.55,40.9,45.7,52.7,61.1,70.3,78,80.6,78.8,72.4,62.4,50.2,42.3,61.3
503,SEYMOUR,1287,33.6,99.27,40.2,45.2,53.7,62.2,71.1,79.3,84.2,83.2,75.2,64.4,51.4,42.5,62.7
504,SHAMROCK 2,2360,35.22,100.25,35.7,40.8,48.5,57.8,66.7,75.6,80.8,79.2,71.2,59.9,46.8,37.8,58.4
505,SHEFFIELD,2170,30.68,101.83,46,50.9,59.4,66.6,75.2,81.4,83.6,82.5,76.2,66.1,54.7,46.8,65.8
506,SHERMAN,760,33.7,96.63,41.5,46.7,54.8,62.5,70.3,78.2,82.8,82.2,75.1,64.8,52.9,44,63
507,SIERRA BLANCA 2 E,4535,31.18,105.32,41.2,45.8,51.8,59,68.4,76.4,77.5,75.6,70,60.5,49.3,41.6,59.8
508,SILVERTON,3280,34.47,101.3,35.8,40.5,47.6,55.9,65.1,74,78.1,76.2,69.1,58.7,45.7,37.5,57
510,SINTON,51,28.03,97.5,54.1,57.4,64.3,69.8,76,81.4,83.4,83.5,79.6,72.2,63.1,56,70.1
513,SMITHVILLE,340,30.02,97.15,49,52.8,60.4,67.6,74.7,81,83.9,83.9,78.6,69.5,59,51,67.6
514,SNYDER,2335,32.72,100.92,40.8,45.7,53.6,62.1,71.1,78.4,81.8,80.2,73.4,63.5,51,42.5,62
515,SOMERVILLE DAM,263,30.33,96.53,48.6,52.7,60.2,67.5,75.2,81.8,85,84.7,79.1,69.5,59,51,67.9
516,SONORA,2138,30.58,100.65,43.1,48.3,55.5,64.4,72.8,78.8,81.4,80.4,74.2,64.2,53.4,44.6,63.4
518,SPEARMAN,3094,36.18,101.18,37.6,42.5,50.3,58.8,67.4,76.4,80.7,79.2,72,61.3,47.9,39.1,59.4
521,SPUR,2297,33.48,100.88,39.6,44.2,51.7,60.5,69.4,77.5,81.2,79.9,72.4,62.2,49.8,41.2,60.8
522,STAMFORD 1,1640,32.93,99.8,41.4,46.6,54.7,63.7,72.4,80.1,84,83,75.6,65.5,52.5,43.3,63.6
523,STEPHENVILLE 1 N,1309,32.25,98.2,42.5,47.4,55,63.2,70.9,78.2,81.9,81.4,74.8,64.9,53.2,45.1,63.2
524,STERLING CITY,2265,31.83,100.98,42.4,47.6,55.5,64.5,72.8,79.2,81.9,81,74.3,64.4,52.8,44.3,63.4
526,STILLHOUSE HOLLOW DAM,706,31.03,97.53,46.6,51.3,58.9,66.1,73.7,80.3,84,83.7,78,68.3,57.3,49.2,66.5
528,STRATFORD,3691,36.35,102.08,32.6,37.4,44.4,52.9,62,71.9,76.8,75.1,67.2,55.9,42.8,34.3,54.4
530,SUGAR LAND,82,29.62,95.63,51.8,55.1,62,68.7,76,81.5,84.1,83.8,79.3,70.8,61.4,53.8,69
531,SULPHUR SPRINGS,495,33.15,95.63,42.5,47.5,55.2,62.7,71.1,78.8,83.2,83,76.2,65.5,54,45.4,63.8
532,TAHOKA,3120,33.17,101.8,38.9,43.8,50.8,59.4,68.4,76.1,79.2,77.6,71,61.3,48.8,41.2,59.7
534,TAYLOR,565,30.57,97.42,47.5,51.8,59.6,66.3,73.9,80.2,83.6,83.5,78,68.6,57.4,49.5,66.7
538,TEMPLE,635,31.08,97.32,46.1,50.5,58,65.5,73.1,79.9,83.7,83.7,77.8,67.9,56.6,48.4,65.9
540,TEXARKANA,390,33.42,94.08,41.6,46.3,54.2,62.3,71,78.6,82.6,81.8,75,64.1,52.5,44.3,62.9
541,THOMPSONS 3 WSW,72,29.48,95.63,52.8,56,62.9,68.9,75.9,81.4,83.8,83.7,79.5,71.2,62.5,55.1,69.5
545,THROCKMORTON,1370,33.18,99.18,41.4,46.1,54.4,62.3,71.1,79.1,83.7,82.7,75.4,64.9,52.6,44,63.1
547,TILDEN 4 SSE,345,28.42,98.53,53.2,57.7,65.4,71.6,78.4,83.2,85.5,85.1,80.6,72.3,62.7,55,70.9
548,TOLEDO BEND DAM,190,31.18,93.57,46.4,49.7,57.3,63.9,72.3,78.9,82,81.4,76.4,66.3,56.3,49,65
550,TORNILLO 2 SSE,3525,31.4,106.05,43.3,49.1,55.2,62.5,70.4,78.6,80.2,78.1,72.9,62.5,50.2,43.3,62.2
552,TOWN BLUFF DAM,214,30.8,94.18,48.8,52.6,59.7,65.9,73.5,79.3,81.9,81.7,77.2,67.6,58.3,51,66.5
556,TRUSCOTT 3 W,1571,33.75,99.87,40.7,45.5,53.8,63,71.9,80.3,84.9,83.1,75.5,64.8,51.8,42.9,63.2
557,TULIA,3470,34.53,101.77,36.3,40.6,47.6,56,65.1,74.1,77.8,76.1,69.5,59,46.1,37.7,57.2
558,TURKEY,2330,34.4,100.9,38.1,43.5,50.8,60.2,68.9,77,81.3,79.5,72.2,61.7,49.1,39.9,60.2
559,TYLER,550,32.3,95.3,47.5,52.4,60.3,66.6,73.3,79.9,83.4,83.3,77.4,67.4,57.5,49.1,66.5
561,UVALDE,912,29.22,99.77,50.6,55.4,62.4,70,76.7,81.7,83.9,83.6,79.5,70.6,60,52.7,68.9
562,UVALDE 3 SW,920,29.18,99.83,50.3,54.9,62.8,69.4,76.8,82,84.3,84,79.3,70.5,59.7,51.6,68.8
563,VALENTINE,4430,30.58,104.5,43.4,48,54.1,61.6,69.7,77.2,77.2,75.6,71.3,62.5,51.3,44.4,61.4
566,VAN HORN,3955,31.05,104.83,42.7,47.3,53.7,60.8,69.6,77.5,78.3,76.5,70.8,61.8,50.8,43.2,61.1
567,VERNON,1227,34.15,99.33,38.9,44.5,52.9,61.7,71.3,79.8,84.5,83,74.9,63.8,50.8,41.3,62.3
568,VICTORIA RGNL AP               VCT,115,28.87,96.93,53.2,56.7,63.7,69.7,76.6,81.8,84.2,84.2,80.1,72.3,62.7,55.2,70
570,WACO DAM,495,31.6,97.22,45.1,49.9,57.8,65.5,73.5,80.7,84.9,84.4,78,67.5,56.1,47.7,65.9
571,WACO RGNL AP                   ACT,500,31.62,97.23,46.1,50.8,58.5,65.9,74.1,81.3,85.4,85.2,78.6,68.6,56.8,48.3,66.6
575,WASHINGTON STATE PARK,215,30.33,96.15,49.1,53.1,60.7,67.2,74.9,81,83.9,83.9,78.5,69.2,59.4,51.3,67.7
576,WATER VALLEY,2120,31.67,100.73,43,47.5,55.6,63.4,71.8,78.1,81.5,80.2,73.7,64.1,52.1,44.3,62.9
579,WAXAHACHIE,630,32.42,96.85,46,51.1,58.8,65.8,73.5,80.5,84.6,84.1,77.8,68.2,56.6,48.2,66.3
580,WEATHERFORD,955,32.75,97.77,41.6,46.7,54.6,62.7,71.1,78.8,83.3,82.7,75.4,64.8,53,44.3,63.3
581,WELDER W'LIFE FOUNDATION,50,28.1,97.42,54,58.2,64.4,70.3,76.4,81.3,83.5,83.8,80,72.5,63.9,56.2,70.4
582,WELLINGTON,2040,34.83,100.22,40.6,45.4,54,62.4,71,79.1,83.8,82.1,74.7,64.1,51.1,42.5,62.6
583,WESLACO 2 E,75,26.15,97.97,58.6,62.1,68.8,74.2,79.5,83.1,84.5,84.7,81.4,74.9,67.4,60.5,73.3
586,WHITNEY DAM,574,31.85,97.37,44.5,49.2,57.2,64.7,72.9,80,83.9,83.6,77.5,67.1,55.8,47.2,65.3
588,WICHITA FALLS SHEPPRD AP       SPS,1030,33.98,98.5,40.5,45.7,54.2,62.4,71.4,79.7,84.8,83.5,75.6,64.7,51.9,42.9,63.1
589,WILLS POINT,522,32.7,96.02,41.9,46.8,54.5,61.9,70.2,77.6,81.9,81.7,75.2,64.8,53,44.5,62.8
591,WINK WINKLER CO AP             INK,2807,31.78,103.2,43.4,48.9,56.4,64.7,73.7,81.1,83,81.5,74.9,64.9,52.4,44.4,64.1
593,WINTERS 1 NNE,1862,31.97,99.97,45,49.7,57.9,65.6,73.8,79.9,83.1,82.2,75.9,66.9,54.7,46.7,65.1
596,WRIGHT PATMAN DM & LK,282,33.3,94.17,42,47.1,55.3,62.7,70.7,78.3,82.3,81.2,74.2,63,52.5,44.6,62.8
597,YOAKUM,325,29.27,97.12,50.9,54.5,61.6,68.1,74.9,80.4,82.6,82.8,78.7,70.5,60.4,53,68.2
599,YSLETA,3670,31.7,106.32,44.9,50,56.9,64.2,73,81.8,83.6,81.3,75.4,64.9,52.9,44.7,64.5
600,ZAPATA 3 SW,320,26.88,99.3,56.2,60.8,68.8,75.9,81.9,85.6,87,87,82.6,75.1,65.8,57.7,73.7
